fecha,pasos,kcal_activas,kcal_totales,actualizado
2026-08-14,7426,169.0,2246.0,2026-08-16T01:55:22.673165+00:00
2026-08-28,2869,14.0,1757.0,2026-08-30T00:17:36.52852+00:00
2026-08-13,18727,804.0,2881.0,2026-08-15T01:47:28.00989+00:00
2026-09-13,15894,910.0,2987.0,2026-09-15T01:26:22.1652+00:00
2026-09-03,7194,118.0,2195.0,2026-09-05T00:01:19.080822+00:00
2026-08-19,13430,197.0,2274.0,2026-08-21T01:55:36.741564+00:00
2026-08-24,6223,134.0,2211.0,2026-08-26T01:56:46.125848+00:00
2026-09-08,5541,89.0,2166.0,2026-09-10T01:02:07.992654+00:00
2026-08-29,0,0,0,2026-08-30T23:27:30.221463+00:00
2026-08-18,8901,166.0,2243.0,2026-08-20T01:49:13.736696+00:00
2026-08-12,4800,108.0,2185.0,2026-08-14T02:43:27.115969+00:00
2026-08-23,30864,1989.0,4066.0,2026-08-25T01:50:01.961675+00:00
2026-08-17,7634,53.0,2130.0,2026-08-19T01:51:21.981114+00:00
2026-08-30,0,0,0,2026-08-31T23:49:04.057595+00:00
2026-09-19,2726,32.0,2109.0,2026-09-21T01:02:50.753138+00:00
2026-08-16,23120,1054.0,3131.0,2026-08-18T01:48:33.524226+00:00
2026-09-14,8367,234.0,2311.0,2026-09-16T00:15:44.494795+00:00
2026-09-04,15176,626.0,2703.0,2026-09-05T23:52:54.642708+00:00
2026-09-09,18441,717.0,2794.0,2026-09-11T01:02:39.795525+00:00
2026-08-22,8041,97.0,2174.0,2026-08-24T01:55:57.707552+00:00
2026-08-15,2537,22.0,2099.0,2026-08-17T01:53:40.709338+00:00
2026-08-31,7972,256.0,2333.0,2026-09-02T00:09:10.671486+00:00
2026-08-25,7919,241.0,2318.0,2026-08-26T23:29:26.343709+00:00
2026-08-21,6759,77.0,2154.0,2026-08-23T01:57:53.886201+00:00
2026-09-20,21375,1219.0,3296.0,2026-09-21T23:15:15.090717+00:00
2026-08-26,6023,228.0,2305.0,2026-08-27T20:27:41.58981+00:00
2026-08-20,6648,113.0,2190.0,2026-08-22T01:48:08.262532+00:00
2026-09-05,4948,231.0,2308.0,2026-09-06T23:51:09.787666+00:00
2026-08-27,5432,87.0,2164.0,2026-08-29T02:09:16.983328+00:00
2026-09-01,15277,608.0,2685.0,2026-09-03T00:12:25.010345+00:00
2026-09-10,7622,176.0,2253.0,2026-09-12T01:04:40.21598+00:00
2026-09-15,6876,155.0,2232.0,2026-09-17T01:22:14.412104+00:00
2026-09-06,14197,788.0,2865.0,2026-09-07T23:28:40.024197+00:00
2026-09-02,0,0,566.0,2026-09-04T00:02:50.336707+00:00
2026-09-16,17946,744.0,2821.0,2026-09-18T00:17:22.182001+00:00
2026-09-11,5441,40.0,2117.0,2026-09-13T00:57:48.504179+00:00
2026-09-21,5197,79.0,2156.0,2026-09-23T00:28:22.996164+00:00
2026-09-07,7114,266.0,1955.0,2026-09-09T00:10:52.839286+00:00
2026-09-17,6951,133.0,2210.0,2026-09-19T00:17:22.089445+00:00
2026-09-12,5993,53.0,2130.0,2026-09-14T01:00:52.815107+00:00
2026-09-22,6410,154.0,2231.0,2026-09-23T23:39:18.657573+00:00
2026-09-23,10599,461.0,2538.0,2026-09-25T01:27:18.396318+00:00
2026-09-18,4785,79.0,2156.0,2026-09-20T01:04:35.253816+00:00
2026-09-24,16944,631.0,2708.0,2026-09-26T01:30:31.716557+00:00
2026-09-26,2715,56.0,493.0,2026-09-26T13:01:58.472723+00:00
2026-09-25,3251,27.0,2104.0,2026-09-26T13:01:58.71525+00:00
