id,fecha,nombre,gramos,kcal,creado,base
4ac642d1-fdcb-4f4a-9e28-5890c2c17d3d,2026-08-12,Sandwiches de miga de jamón y queso,100,650,2026-08-12T22:44:30.919+00:00,
a8625e32-e3d6-402b-934a-14021ebd8b9a,2026-08-12,Sandwiches de miga de jamón y queso,100,650,2026-08-12T22:45:25.801+00:00,
957881bc-744f-40f9-9630-fe180f0fc22f,2026-08-12,Manzana,150,78,2026-08-12T22:45:47.349+00:00,
012ce470-7838-4a56-9974-26e7660f6b1f,2026-08-12,Yogur entero,190,152,2026-08-12T22:46:09.669+00:00,
fb02c5d5-7423-4b71-9203-ba3267cb62f9,2026-08-12,Ensalada de frutas,250,150,2026-08-12T22:46:09.669+00:00,
1bd1c938-fbfc-401e-83ee-b530600934d6,2026-08-12,Avena,40,148,2026-08-12T22:46:09.669+00:00,
7ccba741-51f5-4627-919c-7377a1a785c1,2026-08-12,Mix de frutos secos,30,180,2026-08-12T22:46:09.669+00:00,
4d08bdbc-8990-415b-81ed-efd7d95385c1,2026-08-12,💧 Agua,500,0,2026-08-12T22:46:51.467+00:00,
66142697-9bb2-4ded-9a52-85b1355b51e5,2026-08-12,💧 Agua,500,0,2026-08-12T22:46:57.441+00:00,
8715658c-11d1-4aa7-9a43-5abe269e97cb,2026-08-12,Pebetes combinados,100,650,2026-08-12T22:51:00+00:00,
e7fcc969-7393-4f59-a54c-f1fd7f5fd169,2026-08-12,Papa al horno,200,220,2026-08-12T22:51:00+00:00,
ed9134e3-47d2-4577-b19b-0729f94fac3c,2026-08-13,💧 Agua,500,0,2026-08-13T10:20:46.704+00:00,
37c5e34c-d3da-475c-ab6e-d6eb675c2347,2026-08-14,Tostada con queso crema y huevo,300,380,2026-08-14T13:00:00+00:00,150
68536dca-2566-4d32-b450-a52dbb7c2ec0,2026-08-13,💧 Agua,500,0,2026-08-13T15:38:42.381+00:00,
fa15e72d-ba2a-4146-b601-62cbf6f97011,2026-08-13,💧 Agua,500,0,2026-08-13T15:38:42.685+00:00,
7208b5a1-4fb9-48d0-927e-30475e29e0e3,2026-08-12,Sándwich de miga (jamón y queso),110,286,2026-08-12T20:30:35.505+00:00,
c5e3cc65-010d-4462-9ed0-6117949ebcbb,2026-08-12,Salame,60,228,2026-08-12T20:30:35.506+00:00,
4e95a2d2-be82-46b3-8333-46d0f21f0675,2026-08-12,Manzana,150,78,2026-08-12T20:30:47.135+00:00,
2376bd15-6d59-4e55-b47f-09219dfa38e0,2026-08-12,Yogur entero,190,152,2026-08-12T20:31:26.08+00:00,
14f38910-070a-4bb5-bf96-ad2c4b83b597,2026-08-12,Ensalada de frutas,250,150,2026-08-12T20:31:26.08+00:00,
c9026861-180f-4978-ac23-49c60776948f,2026-08-12,Avena,40,148,2026-08-12T20:31:26.08+00:00,
3e2d8d2c-c973-4c1b-a14a-f069ec39a0dd,2026-08-12,Mix de frutos secos,30,180,2026-08-12T20:31:26.08+00:00,
e65a432e-d45a-49a9-a1de-1a79419083d1,2026-08-12,Pollo al horno,180,342,2026-08-12T20:33:13.898+00:00,
91ccd780-5064-49ae-905a-c4e74977be0f,2026-08-12,Papa al horno,200,220,2026-08-12T20:33:25.701+00:00,
760c1619-2c87-4f19-ac64-17338c623546,2026-08-14,Torta (porción),100,200,2026-08-14T13:43:00+00:00,100
12e61b3b-5d6e-407b-8079-6dbaf468eba8,2026-08-14,Tostada con queso crema y huevo,150,190,2026-08-14T22:35:00+00:00,150
543506bf-53ce-4277-a5b1-6997c176acb3,2026-08-13,💧 Agua,500,0,2026-08-13T16:28:39.325+00:00,
8e8d446a-44c0-4cdd-aa59-44f922b05418,2026-08-14,💧 Agua,500,0,2026-08-14T23:31:23.849+00:00,
968d4261-3349-4ac3-b9e2-a3ff5f82b6f1,2026-08-14,💧 Agua,500,0,2026-08-14T23:31:24.131+00:00,
26536731-4eee-4853-82c5-cf3be66227fb,2026-08-14,Albondigas con arroz y salsa de tomate,150,900,2026-08-15T00:59:00+00:00,150
3f957967-f373-440f-b971-f9525d050b5d,2026-08-13,Tostada con queso crema y huevo,300,900,2026-08-13T13:00:00+00:00,150
bb2d75c2-e465-48bb-a667-55b3e3382c96,2026-08-13,Carne asada en cocción lenta con puré tricolor,100,500,2026-08-13T17:05:00+00:00,100
85857d62-c812-465a-8699-4e2469236869,2026-08-13,"Yogur Tregar con frutas (entero, arándano)",150,159,2026-08-13T20:12:00+00:00,150
654c69c6-51f6-48ff-9a8b-22354ef886ca,2026-08-13,Kiwi,75,45,2026-08-13T20:12:00+00:00,75
ffcbd712-41d7-409f-b7e3-a9d400e2c567,2026-08-13,Pollo con boniatos asados,100,500,2026-08-13T22:42:00+00:00,100
4dfaeb03-442b-41dc-8adc-77a5b60ab6cb,2026-08-13,Manzana,150,78,2026-08-13T22:55:00+00:00,150
6e3c2100-18e6-4958-a845-b8d8314ddfa0,2026-08-13,💧 Agua,500,0,2026-08-13T23:02:41.35+00:00,
61f399fb-16a8-43e7-a9ad-1068ffb3ebe8,2026-08-13,💧 Agua,500,0,2026-08-13T23:02:42.113+00:00,
9f8a16bd-846a-45a7-8f2c-9505d357aa1f,2026-08-14,💧 Agua,500,0,2026-08-14T11:01:37.111+00:00,
56f29402-1622-409b-9069-be5039a20845,2026-08-14,💧 Agua,500,0,2026-08-14T11:01:39.846+00:00,
a056b358-d757-4e96-8cec-1104ffd185af,2026-08-14,💧 Agua,500,0,2026-08-14T11:52:59.557+00:00,
a9cdff09-6ae9-4438-af4c-475a6e3eea1e,2026-08-14,💧 Agua,500,0,2026-08-14T11:53:01.544+00:00,
af97cde4-a9c0-48bd-bbc5-8af94398eb06,2026-08-14,Mix de frutos secos,30,180,2026-08-14T14:41:00+00:00,30
3334e453-f48e-489e-bade-ccf6fe11d803,2026-08-14,Chuleta aguja con hueso de cerdo,200,264,2026-08-14T17:20:00+00:00,100
737fcb2f-31fb-4e3d-bf1a-795671c305f5,2026-08-14,Arroz blanco cocido,200,260,2026-08-14T17:21:00+00:00,200
71f5b8c0-a9dc-46a7-8921-f1644a35c770,2026-08-13,💧 Agua,500,0,2026-08-13T13:00:23.316+00:00,
7422af82-0c35-4588-808d-ee6450dd872d,2026-08-13,💧 Agua,500,0,2026-08-13T13:00:24.932+00:00,
52439ab4-bb73-4641-8fa5-2bac03872df2,2026-08-13,💧 Agua,500,0,2026-08-13T13:00:32.204+00:00,
e7687d22-1a13-43a0-98cb-9abbbe56107c,2026-08-13,Huevo duro,55,85,2026-08-13T13:03:00+00:00,
28a2c8de-38f9-4c27-adc8-2ddb7dae4079,2026-08-13,Huevo duro,55,85,2026-08-13T13:03:00+00:00,
f064dc5b-9d18-4880-a631-f5cfca4640d9,2026-08-13,Tostadas de salvado de trigo (Siken),100,343,2026-08-13T13:04:00+00:00,
e04e35d4-1cce-4b26-bd71-272c72ec36df,2026-08-13,Tostadas de salvado de trigo (Siken),100,343,2026-08-13T13:04:00+00:00,
d3c4bf0d-8d94-4313-abc9-bbcfa0b12f78,2026-08-14,Manzana,150,78,2026-08-14T18:16:00+00:00,150
ef7c150a-1e0d-4d88-8aa8-0e2c8c21feae,2026-08-14,Kiwi,75,45,2026-08-14T18:16:00+00:00,75
54fd7df9-3ec9-49a5-a50f-7b70b6ef163c,2026-08-16,💧 Agua,500,0,2026-08-17T02:20:51.703+00:00,
72d63df8-7bce-4c74-a50b-baff1c809105,2026-08-15,Tostada con queso crema y huevo,300,380,2026-08-15T13:58:00+00:00,150
a1b8bc79-3974-436f-8d19-978404d5d465,2026-08-15,💧 Agua,500,0,2026-08-15T18:10:12.883+00:00,
7b2df1cb-869a-43dd-8845-d3169c655356,2026-08-15,💧 Agua,500,0,2026-08-15T18:10:13.34+00:00,
1e0facd8-5d34-4d84-90fa-6b9ac0f710a3,2026-08-15,Bife de carne,300,660,2026-08-15T18:10:00+00:00,150
70165ad5-d326-4f33-8558-30238fe6e067,2026-08-15,Arroz blanco cocido,200,260,2026-08-15T18:10:00+00:00,200
7beb9720-4e9e-4093-a080-30ace1ddc9c1,2026-08-15,Manzana,150,78,2026-08-15T19:48:00+00:00,150
f95e73ed-e073-47dc-a6c0-e3120b92661c,2026-08-16,💧 Agua,500,0,2026-08-17T02:20:52.265+00:00,
e0b08221-d051-4a47-be5d-4a05cc86d3e1,2026-08-15,Torta (porción),100,700,2026-08-15T21:10:00+00:00,100
0d98ea11-2f0c-4668-86f8-0fba80825c6c,2026-08-15,Bife de carne,150,330,2026-08-16T02:55:00+00:00,150
1eae960b-464d-45d6-921d-c52f95be8557,2026-08-16,Tostada con queso crema y huevo,300,900,2026-08-16T17:59:00+00:00,150
b167174b-faa7-4d1c-965b-048c9fd5cbd9,2026-08-16,💧 Agua,500,0,2026-08-16T17:59:41.144+00:00,
254b5d65-9e20-420b-87af-e74b40bf58f7,2026-08-16,💧 Agua,500,0,2026-08-16T17:59:41.395+00:00,
2d0e132a-2861-43f4-8283-d8490643a033,2026-08-16,💧 Agua,500,0,2026-08-16T17:59:50.129+00:00,
880b61b6-bb51-476b-b0f6-acb6dd952d5a,2026-08-16,Fideos con salsa de tomate,350,700,2026-08-16T18:46:00+00:00,350
1689cf17-5f5b-4c82-a74b-0da652d07a81,2026-08-16,💧 Agua,500,0,2026-08-16T22:42:28.638+00:00,
a03f7e0b-6bca-4dda-a53b-c0299e2ff5dc,2026-08-16,"Yogur Tregar con frutas (entero, arándano)",150,159,2026-08-16T22:42:00+00:00,150
34c66f69-8256-452f-ab0c-be80e2095366,2026-08-16,Helado,120,252,2026-08-16T23:01:00+00:00,120
acbfe128-f94b-4429-877c-71e4dcd7426f,2026-08-17,Churrasco de paleta con papa y salsa de tomate,150,800,2026-08-18T01:10:00+00:00,150
00c56181-81fc-4244-a39a-bb326ae031e2,2026-08-17,💧 Agua,500,0,2026-08-18T01:11:16.53+00:00,
15ad43a6-6453-41c2-b67a-60aea5fb7758,2026-08-17,💧 Agua,500,0,2026-08-18T01:11:16.928+00:00,
4f214e0e-fa5d-4960-98bd-a9b4045f4c3b,2026-08-16,Pizza de muzzarella,400,2200,2026-08-17T02:20:00+00:00,100
3ef4852e-2408-4aa6-a9f0-031152668b48,2026-08-17,Tostada con miel y banana,110,190,2026-08-18T01:08:00+00:00,110
c99583ff-fe47-43cc-a759-16bb9858f02d,2026-08-17,Pizza de muzzarella con tomates cherry asados y pesto de albahaca,100,550,2026-08-18T01:09:00+00:00,100
099ff7ad-8884-4d7f-95cb-79600d1e31bc,2026-08-17,Tostada con queso crema y huevo,300,900,2026-08-18T01:09:00+00:00,150
6661c8fc-6bf6-4266-824c-6ac246d2ac96,2026-08-17,💧 Agua,500,0,2026-08-18T01:11:17.462+00:00,
44b839ad-a77f-466a-acfc-b00b6b4b7591,2026-08-17,💧 Agua,500,0,2026-08-18T01:11:17.779+00:00,
1b0deec9-080a-4682-bc1d-99d1d8cb3f64,2026-08-17,💧 Agua,500,0,2026-08-18T01:11:18.188+00:00,
494ebd4e-0b23-4405-9f4e-2d3a7beedaf8,2026-08-17,💧 Agua,500,0,2026-08-18T01:11:18.488+00:00,
71d4fcbb-3ff6-4eaf-a90d-988cd0a0e498,2026-08-18,💧 Agua,500,0,2026-08-18T14:07:33.851+00:00,
2f52bddc-94d5-4928-9823-c81a76d32fd2,2026-08-18,💧 Agua,500,0,2026-08-18T14:07:34.833+00:00,
bec0b008-44fc-4812-9e3c-3fc0f9176318,2026-08-18,Bife magro de cerdo con puré de zanahoria,100,500,2026-08-18T16:42:00+00:00,100
a6abae01-da17-48c6-bd87-4b4bad7b3f31,2026-08-18,Manzana,150,78,2026-08-18T16:44:00+00:00,150
71a99cbc-602b-464f-b4e6-fc7a36a7e74b,2026-08-18,Bocado de dulce de membrillo (Enrique Pizarro),30,75,2026-08-18T17:02:00+00:00,30
ddf456d5-0118-4fe1-aaf1-d04f1bfac8f4,2026-08-18,Yogur Dahi descremado con frutilla,190,182,2026-08-18T20:10:00+00:00,190
3c6ec110-c5fa-4b62-870b-3000aec6c22a,2026-08-18,Mix de frutos secos,30,180,2026-08-18T20:10:00+00:00,30
08c31a36-84fb-4452-9822-557cff56eb73,2026-08-18,Banana,120,108,2026-08-18T20:10:00+00:00,120
7e0c7197-d5d0-48ca-a8c6-c220228e58dc,2026-08-18,💧 Agua,500,0,2026-08-18T20:15:47.755+00:00,
543bc0c1-10f9-409c-8f70-ccc2f578ed4d,2026-08-18,💧 Agua,500,0,2026-08-18T20:15:47.308+00:00,
4d401795-3171-4a0c-92e5-5777233262bd,2026-08-18,Café solo,100,2,2026-08-18T20:16:00+00:00,100
a4ba20d5-f849-4946-9829-cef03cd32a21,2026-08-18,"Pollo con panaché de papa, remolacha y zanahoria",100,500,2026-08-18T22:10:00+00:00,100
031561a2-b4c2-4d6e-a759-80ba78288894,2026-08-19,Carne asada en cocción lenta con puré fiorentino,100,500,2026-08-19T16:31:00+00:00,100
552aa38e-5a31-48a3-8515-e4b019bd2756,2026-08-19,💧 Agua,500,0,2026-08-19T16:44:52.839+00:00,
c9cfbe07-b0d2-4ecf-985b-6f9bd3622017,2026-08-19,💧 Agua,500,0,2026-08-19T16:44:53.861+00:00,
dceb21e4-9a17-46fd-8450-cae8e0865e55,2026-08-19,"Yogur Tregar con frutas (entero, arándano)",150,159,2026-08-19T19:58:00+00:00,150
52f80755-c673-4062-a7f1-1cfaa9eefb05,2026-08-19,Mix de frutos secos,30,180,2026-08-19T19:59:00+00:00,30
6c115794-a8b9-4507-9fd1-a91d431b1bfe,2026-08-19,Manzana,300,156,2026-08-19T20:56:00+00:00,150
74bd51a7-be98-481a-9f57-519bb449d893,2026-08-27,Yogurt Tregar Durazno c/frutas x160 (Tregar),100,159,2026-08-27T22:28:00+00:00,100
ca75da44-fee7-4211-a715-1c64c40e7c6c,2026-08-27,Caesar Salad Dressing (Promos),100,467,2026-08-27T22:43:00+00:00,100
8869982b-e86c-41a2-9982-62210ff386f0,2026-08-31,Banana,120,108,2026-08-31T14:06:00+00:00,120
349997a8-700b-45f6-9be4-f39857b5b53f,2026-08-24,Guiso de lentejas (via nature),1000,600,2026-08-25T00:52:00+00:00,100
53b2a1b1-446c-4b58-9525-7381a51e2e70,2026-08-24,Risotto,300,510,2026-08-25T00:52:00+00:00,300
ae927c5c-be8c-4d85-bdf0-5894d20d0829,2026-08-19,Tostada con queso crema y huevo,300,640,2026-08-19T13:10:00+00:00,150
221f7334-5ef5-4501-b778-cbc29d07b848,2026-08-25,Proteinccino (cappuccino proteico Powermix),250,198,2026-08-25T17:22:00+00:00,250
2970db44-f0b8-4a37-97ba-27f5a379b579,2026-08-25,"Pollo con panaché de papa, remolacha y zanahoria",100,500,2026-08-25T17:33:00+00:00,100
6a18a60b-61af-47e6-bee2-d39c279610f9,2026-08-19,Milanesa de carne,300,750,2026-08-20T00:21:00+00:00,150
8ce3acc4-da7a-4412-b8c0-c1496f7d202a,2026-08-19,💧 Agua,500,0,2026-08-20T00:59:11.071+00:00,
e972bad0-0800-4e2b-988f-a1a5b6f9876d,2026-08-19,💧 Agua,500,0,2026-08-20T00:59:11.484+00:00,
15faadce-2bfd-4bfb-8c12-2b5ee620a7f4,2026-08-19,💧 Agua,500,0,2026-08-20T00:59:13.268+00:00,
5f9da0f1-cab2-4e5d-8e7b-c0b9af38af7c,2026-08-19,💧 Agua,500,0,2026-08-20T00:59:13.718+00:00,
399465d1-494d-4831-8016-3d82ef578c42,2026-08-25,Manzana,150,78,2026-08-25T17:33:00+00:00,150
6dec8429-168f-4389-bad8-afc2ac7b61c1,2026-08-25,💧 Agua,500,0,2026-08-25T17:33:48.021+00:00,
e64cf04b-4fd6-476d-91e6-856e00af3b31,2026-08-25,💧 Agua,500,0,2026-08-25T17:33:48.213+00:00,
2ab9073d-ea31-4268-b07c-0537433185c4,2026-08-25,💧 Agua,500,0,2026-08-25T17:33:48.973+00:00,
c1bcaa8e-e043-44b7-bc6a-23ecc185838d,2026-08-25,💧 Agua,500,0,2026-08-25T17:33:49.205+00:00,
78bcf91b-4df6-4c1c-acb6-17d8e020fb17,2026-08-20,bocadito de higo con nuez,250,200,2026-08-20T14:05:00+00:00,150
8610c180-f6b1-4388-9322-3db9cb64a746,2026-08-20,"Yogur Tregar con frutas (entero, arándano)",150,159,2026-08-20T14:09:00+00:00,150
0073e173-f409-454f-a85a-c85baa956dfa,2026-08-20,Mix de frutos secos,30,180,2026-08-20T14:10:00+00:00,30
3fd0bf12-3bea-4bf8-b624-66ccf254f184,2026-08-20,"Pollo, acompañado de arroz salteado con champignones",100,500,2026-08-20T16:51:00+00:00,100
3e33666f-a579-4816-a74e-78ce9ba6ee39,2026-08-20,Banana,120,108,2026-08-20T16:52:00+00:00,120
34c196a1-fb3a-41f5-9cc9-5d52c22205f2,2026-08-20,"Yogur Tregar con frutas (entero, arándano)",150,159,2026-08-20T20:30:00+00:00,150
f2e636f7-ce0b-468f-8930-e6bb8f99458d,2026-08-20,Kiwi,75,45,2026-08-20T20:30:00+00:00,75
d1957fcb-7784-4273-ac7e-9122052aed7e,2026-08-20,Mix de frutos secos,30,180,2026-08-20T20:30:00+00:00,30
816f50bc-d5aa-4003-b804-b34a5adfb306,2026-08-20,💧 Agua,500,0,2026-08-20T20:30:47.55+00:00,
258adfc6-9d25-434c-ad2f-8c8643bd4835,2026-08-20,💧 Agua,500,0,2026-08-20T20:30:47.678+00:00,
158fece5-64a0-4e4e-b5c8-dbbacadf08e8,2026-08-20,💧 Agua,500,0,2026-08-20T20:30:47.829+00:00,
3e3a62e1-9ab1-4d5a-b1b8-c18660d0d1b7,2026-08-20,💧 Agua,500,0,2026-08-20T20:30:47.973+00:00,
4d2b1a26-f3ef-439b-bd49-def6a1bd5aff,2026-08-20,💧 Agua,500,0,2026-08-20T20:30:48.309+00:00,
5f26e4db-58cc-457e-b4f2-6024246b61eb,2026-08-20,💧 Agua,500,0,2026-08-20T20:30:48.725+00:00,
32ab2132-d60f-4359-9f5f-71214d209d1c,2026-08-21,💧 Agua,500,0,2026-08-21T10:43:15.816+00:00,
f469f6cb-f53a-4530-a1c6-7e7d314664e8,2026-08-21,Tostada con queso crema y huevo,300,400,2026-08-21T12:55:00+00:00,150
f9d20bbc-d647-4ca3-8182-f56b0e3121ae,2026-08-21,Hydro Max isotónica (Nutremax),33,124,2026-08-21T12:56:00+00:00,33
ff9fcefa-c3a1-44a5-87d5-68c225a8b4ac,2026-08-22,💧 Agua,500,0,2026-08-22T20:15:59.575+00:00,
85a69875-7e70-47da-9bfd-9ec4ae6179fc,2026-08-22,💧 Agua,500,0,2026-08-22T20:15:59.82+00:00,
79384666-a1f3-4274-8c2f-b4693b5ef18f,2026-08-22,💧 Agua,500,0,2026-08-22T20:16:01.025+00:00,
0a013d45-9cd5-43cb-af16-0985e1ba9d49,2026-08-22,💧 Agua,500,0,2026-08-22T20:16:01.421+00:00,
f5fbf096-f547-4e5d-8e88-b577c5b940dd,2026-08-22,Bife de carne,150,330,2026-08-22T20:16:00+00:00,150
0f63cdfd-5b5a-4844-9c8f-ed21022517eb,2026-08-22,Pechuga de pollo a la plancha,150,225,2026-08-22T20:16:00+00:00,150
862faef3-640b-4733-8c02-fae381cdafcb,2026-08-22,Fideos con salsa de tomate,350,525,2026-08-22T20:16:00+00:00,350
19381f9e-732f-4549-8416-78b43c59fbdd,2026-08-22,Tostada con queso crema y huevo,300,380,2026-08-22T20:16:00+00:00,150
7656ea09-cf35-464e-ac8f-177929894242,2026-08-22,Hydro Max isotónica (Nutremax),33,124,2026-08-22T20:17:00+00:00,33
131c8fa6-3b17-400b-8b6d-2dd66c8becdb,2026-08-24,Tostada con queso crema y huevo,300,360,2026-08-24T12:27:00+00:00,150
755e2a54-0196-4ddf-9405-36574a8a5380,2026-08-24,Carne asada en cocción lenta con puré de papas al verdeo,100,500,2026-08-24T16:27:00+00:00,100
be6e0bd5-bc84-4be0-a38d-cc173b2a05f2,2026-08-24,"Yogur Tregar con frutas (entero, arándano)",150,159,2026-08-24T22:23:00+00:00,150
04f6d454-bc4d-47ec-bf0b-f38495d8441c,2026-08-25,Yogur parfait grande (con granola y frutas),320,384,2026-08-25T20:58:00+00:00,320
bc8743f5-4173-42a0-a7eb-73a865d068ef,2026-08-25,💧 Agua,500,0,2026-08-25T21:01:50.894+00:00,
986a7c63-2186-48d7-88fc-23306d22da89,2026-08-25,💧 Agua,500,0,2026-08-25T21:01:51.254+00:00,
9c9eb054-2e57-41cb-87f6-3ce7d9ca8d97,2026-08-25,Mix de frutos secos,30,180,2026-08-25T21:42:00+00:00,30
87b0a03b-f6f9-418e-8239-e126e8683cee,2026-08-31,Yogur parfait grande (con granola y frutas),320,384,2026-08-31T14:28:00+00:00,320
88912756-87c8-45c8-8662-20d5c8799969,2026-08-26,💧 Agua,500,0,2026-08-26T12:30:40.03+00:00,
d8ee63aa-e80f-449b-98aa-72050ba1294b,2026-08-26,💧 Agua,500,0,2026-08-26T12:30:40.252+00:00,
652c3a29-55be-4ef5-b94c-d2ecd101dcc4,2026-08-26,Tostada con queso crema y huevo,300,400,2026-08-26T12:30:00+00:00,150
06df9a3d-39b9-4415-96b5-811ca6009041,2026-08-26,Ensalada completa con cubos de jamón y queso SAP,100,400,2026-08-26T16:26:00+00:00,100
fe4bd58a-e0cf-4f8a-a29f-674b298d2bb1,2026-08-26,Barrita de cereal,23,92,2026-08-26T18:40:00+00:00,23
6a1aebf1-a405-4a79-a843-596fb3a60a03,2026-08-26,Yogur parfait grande (con granola y frutas),320,384,2026-08-26T19:59:00+00:00,320
0e459909-8aa3-4d0a-9dbd-ebe921df1c36,2026-08-26,Kiwi,150,90,2026-08-26T22:10:00+00:00,75
9be85da6-234e-4953-9a15-fa32f916b30f,2026-08-26,Manzana,150,78,2026-08-26T22:10:00+00:00,150
0f97e7a5-3806-43be-9c3e-5c956bdefb7a,2026-08-27,"Yogur Tregar con frutas (entero, arándano)",150,159,2026-08-27T16:09:00+00:00,150
7394a642-95e8-4a67-b9ae-8a458b3a3609,2026-08-27,Mix de frutos secos,30,180,2026-08-27T16:10:00+00:00,30
d6a9b57e-70f0-49c2-a9b1-9dda64d0a0ac,2026-08-27,Pollo con puré de batata y miel,100,500,2026-08-27T16:10:00+00:00,100
ee5ca8b1-a70b-4a07-b84c-6000f1bfde0a,2026-08-31,"Tuna salad con arroz, lentejas, mix de verdes, papines, tomates cherry, huevo, y zanahoria",100,500,2026-08-31T16:23:00+00:00,100
c987f079-974d-4f24-b7d3-1e17020107bd,2026-08-31,bocadito de higo con nuez,600,400,2026-08-31T17:52:00+00:00,150
459740db-9e99-42d9-afc2-48f5d4d3083e,2026-08-31,Yogur parfait grande (con granola y frutas),320,384,2026-08-31T20:56:00+00:00,320
16ed01c8-9f12-403e-8e92-f37bdc73ffa5,2026-08-31,Yogur parfait grande (con granola y frutas),320,384,2026-08-31T22:13:00+00:00,320
b304ca33-3780-4ff7-823e-424baa26a215,2026-09-01,💧 Agua,500,0,2026-09-01T17:38:44.224+00:00,
48ac7d56-9454-4118-b32a-ff651301e14d,2026-09-01,💧 Agua,500,0,2026-09-01T17:38:44.6+00:00,
d05e75a8-e966-419e-93dd-2624d1369a6c,2026-09-01,Tostada con queso crema y huevo,150,180,2026-09-01T12:20:00+00:00,150
4cbc452b-6210-4699-9403-42b835103ec6,2026-09-08,Yogur parfait grande (con granola y frutas),320,384,2026-09-08T13:14:00+00:00,320
49fbeb8f-1396-486b-a5f3-a415ac9d5af7,2026-09-01,Café solo,100,2,2026-09-01T12:02:00+00:00,100
3367872d-f302-4f87-b862-b74c6e5e0bab,2026-09-08,💧 Agua,500,0,2026-09-08T13:14:30.86+00:00,
6d8a7567-260e-425a-879e-7912d51e5986,2026-09-01,Mix de frutos secos,30,180,2026-09-01T14:02:00+00:00,30
8ea93272-27a9-4762-a82d-1fb45fb8ad3d,2026-09-08,💧 Agua,500,0,2026-09-08T13:14:31.033+00:00,
aedcc3db-7b5a-4c6b-8ff3-396b0a13c626,2026-09-08,Pollo dieta con puré de batata al verdeo,100,500,2026-09-08T16:16:00+00:00,100
db1fc025-e45b-4606-8140-1dc4a53c180a,2026-09-08,Kiwi,75,45,2026-09-08T18:02:00+00:00,75
e77ebb9b-d146-426d-86bd-5685ae5d1325,2026-09-08,Manzana,150,78,2026-09-08T18:02:00+00:00,150
b30be33a-fba9-40c6-83c5-9f21afddf0b4,2026-09-01,"Pollo con jardinera de papa, zanahoria y choclo",100,500,2026-09-01T16:19:00+00:00,100
482f7901-314d-495c-8014-9a474340cd85,2026-09-01,Yogur parfait grande (con granola y frutas),320,384,2026-09-01T21:25:00+00:00,320
f087477c-56c6-40e7-a267-86af9fd9b054,2026-09-01,Kiwi,75,45,2026-09-01T21:25:00+00:00,75
d83a9875-3f8a-4584-aab5-15d1692deb60,2026-09-01,"Zucca salad con mix de verdes, porotos negros, queso, tomates cherry, calabaza apanada en polenta y maní",100,500,2026-09-02T02:58:00+00:00,100
64070c0e-3d98-4d3a-aaa4-1d24603077a2,2026-09-02,Tostada con queso crema y huevo,150,200,2026-09-02T14:34:00+00:00,150
6c1ea45d-b338-4c74-8c58-81e9455a3e40,2026-09-02,Tostada con miel y banana,110,150,2026-09-02T14:34:00+00:00,110
0b553369-8e7f-42a6-9367-917ddba68c28,2026-09-02,Manzana,150,78,2026-09-02T14:34:00+00:00,150
36fa626f-8aa1-4001-a635-1c4153ae24b1,2026-09-09,💧 Agua,500,0,2026-09-09T19:38:52.667+00:00,
d1f0dc65-870d-40e9-aea8-4ed48de7c20d,2026-09-02,"Carne asada en cocción lenta con panaché de choclo, papa y remolacha",100,500,2026-09-02T16:41:00+00:00,100
6b3eb709-f853-49a4-b689-3b038ca7676b,2026-09-02,Sandwiches de miga de jamón y queso,100,650,2026-09-02T20:25:00+00:00,100
f9140be6-2e9e-4b1d-bc5c-3e3a6bf2856a,2026-09-02,"Yogur Tregar con frutas (entero, arándano)",150,159,2026-09-02T20:25:00+00:00,150
1e8d4775-44cf-43ef-8a3b-7542c3737926,2026-09-02,Mix de frutos secos,30,180,2026-09-02T20:25:00+00:00,30
2325ae82-b9f8-4b23-8dc1-8adfd1a5a50f,2026-09-03,Tostada con queso crema y huevo,150,200,2026-09-03T11:38:00+00:00,150
d1506168-33bc-4598-ae21-e287b1610527,2026-09-03,Tostada con miel y banana,110,200,2026-09-03T11:38:00+00:00,110
a5bd125c-0ef4-49ed-ab9d-861aeeea7046,2026-09-03,💧 Agua,500,0,2026-09-03T17:36:48.046+00:00,
0ddf8817-e900-497e-a9b6-47d7902cd3c4,2026-09-03,💧 Agua,500,0,2026-09-03T17:36:47.849+00:00,
1f3c9497-687c-48f9-9668-13fb718bed02,2026-09-03,💧 Agua,500,0,2026-09-03T17:36:48.214+00:00,
2863769e-808f-4fc1-8b3d-b1658d9337f0,2026-09-03,💧 Agua,500,0,2026-09-03T17:36:48.358+00:00,
0a3ef8ab-abc7-4f90-bae2-21904f3b5f4a,2026-09-03,💧 Agua,500,0,2026-09-03T17:36:49.981+00:00,
64654f04-5f3c-4c64-9f9a-9d5a6762ddee,2026-09-03,💧 Agua,500,0,2026-09-03T17:36:50.15+00:00,
9e226997-c488-4cfa-a378-a742c171b750,2026-09-09,💧 Agua,500,0,2026-09-09T19:38:51.742+00:00,
f65c1fe2-b615-4811-8fa2-5fcd092ae5c8,2026-09-09,💧 Agua,500,0,2026-09-09T19:38:51.922+00:00,
37dd4079-a255-4d47-a9a4-a3aa7b1f7fe2,2026-09-03,"Ensalada cesar con pollo, croutones y mix de semillas SAP",100,400,2026-09-03T16:00:00+00:00,100
89a5789b-2b9b-43e9-8e88-1f127aaf49ec,2026-09-03,Manzana,150,78,2026-09-03T17:37:00+00:00,150
aad347df-e0ac-4510-9568-698607997c0f,2026-09-03,Sándwich de miga (jamón y queso),110,286,2026-09-03T19:58:00+00:00,55
4a2b3f4e-e455-4c48-8c28-610a76049cda,2026-09-03,"Yogur Tregar con frutas (entero, arándano)",150,159,2026-09-03T19:59:00+00:00,150
0e65021b-4d63-462b-adab-9218acd73e2b,2026-09-03,Mix de frutos secos,30,180,2026-09-03T19:59:00+00:00,30
eb73539a-e720-468f-9a19-069055f150eb,2026-09-03,Banana,120,108,2026-09-03T21:41:00+00:00,120
736dcec5-5b47-4119-8e20-4ca518a6411a,2026-09-04,💧 Agua,500,0,2026-09-04T12:35:35.406+00:00,
39f28509-1858-41f7-98c4-7d4b49e37f6a,2026-09-04,💧 Agua,500,0,2026-09-04T12:35:36.077+00:00,
5b866e01-a3c4-4ca4-aa7f-cdeb070fe33a,2026-09-04,Tostada con miel y banana,110,209,2026-09-04T12:35:00+00:00,110
0b1eb9f4-2714-4d67-9b16-ca4a8caf6f18,2026-09-04,Hydro Max isotónica (Nutremax),33,124,2026-09-04T12:36:00+00:00,33
9c748ab5-9be0-4bd4-8b21-83542661014f,2026-09-04,Barra Proteica Sabor a Chocolate (Way Up),100,352,2026-09-04T13:11:00+00:00,100
3b5f24b0-8eac-48dc-b374-3d561b02e02e,2026-09-04,Milanesa de carne,300,600,2026-09-04T18:45:00+00:00,150
1f1bcb84-e7e2-4929-a836-97290d6bbeb8,2026-09-04,Tortilla de papa,200,250,2026-09-04T18:45:00+00:00,200
a7f9d02d-bb14-4af2-9fd0-c8a200f0f1ee,2026-09-05,Tostada con miel y banana,220,418,2026-09-05T17:17:00+00:00,110
627d781d-5c4f-4862-bdfc-72c15494227c,2026-09-05,Café solo,100,2,2026-09-05T17:17:00+00:00,100
8a208255-c9e1-4ecf-b173-412aee72273d,2026-09-05,Pollo con boniatos asados,100,500,2026-09-05T17:17:00+00:00,100
1a70359e-4303-4c6a-99b2-5196e0f06a98,2026-09-05,Huevo duro,110,171,2026-09-05T17:18:00+00:00,55
ce285ea7-32f6-48d2-a9cb-31f1d6a3b6f7,2026-09-07,💧 Agua,500,0,2026-09-07T14:19:26.242+00:00,
7996972d-020f-4d8a-b7fd-593d3cc8953a,2026-09-07,💧 Agua,500,0,2026-09-07T14:19:26.85+00:00,
93542318-adfc-4c87-bd78-2cdd270f291c,2026-09-09,💧 Agua,500,0,2026-09-09T19:38:52.314+00:00,
a8f7d8cf-52d3-4607-8424-efae6fad8621,2026-09-09,💧 Agua,500,0,2026-09-09T19:38:53.85+00:00,
39af8bd4-5a0c-42bc-bfb1-d8d46e7c950a,2026-09-09,💧 Agua,500,0,2026-09-09T19:38:54.026+00:00,
782f901b-8dd5-4ff7-9ce7-d1adb92bb927,2026-09-07,Tostada con queso crema y huevo,300,400,2026-09-07T10:20:00+00:00,150
7a5b26c7-3f52-4574-9c2c-8e2a1386b059,2026-09-07,Proteinccino (cappuccino proteico Powermix),250,198,2026-09-07T14:20:00+00:00,250
80d7852b-0cec-4d29-9a30-2cd94775995a,2026-09-07,💧 Agua,500,0,2026-09-07T15:20:25.089+00:00,
99fa7de2-a8e3-46ba-ba82-166783e8ac59,2026-09-07,💧 Agua,500,0,2026-09-07T15:20:24.884+00:00,
77421899-395d-4a70-b0c3-a17dfc7379c2,2026-09-07,Bife de cerdo ahumado con jardinera,100,500,2026-09-07T16:27:00+00:00,100
3f48df29-a3f0-4c04-a530-64e0c14141ab,2026-09-07,bocadito de higo con nuez,300,300,2026-09-07T16:48:00+00:00,150
80a16d00-e820-4492-81da-f9b46e54878a,2026-09-07,Yogur parfait grande (con granola y frutas),320,384,2026-09-07T20:55:00+00:00,320
32080f4e-95b1-4770-adc0-9a77f7ca86b5,2026-09-07,Mix de frutos secos,30,180,2026-09-07T21:50:00+00:00,30
f25528fe-055c-469e-8122-f9fbceb21a24,2026-09-07,💧 Agua,500,0,2026-09-07T21:58:41.508+00:00,
7221ad47-2bb8-4bee-a72c-cc589da25d76,2026-09-07,💧 Agua,500,0,2026-09-07T21:58:41.356+00:00,
80a2dcb1-eca7-4a38-8cf9-d57e4865e58c,2026-09-09,Carne asada en cocción lenta con risotto de champignones,100,500,2026-09-09T16:00:00+00:00,100
741a72ec-9f3e-4bbd-aa33-0e7ac6e15d90,2026-09-09,Yogur parfait grande (con granola y frutas),320,384,2026-09-09T19:39:00+00:00,320
8b7b4d3c-1929-4db8-97b7-29b91d8485e7,2026-09-09,"Tostada de pan de salvado, queso crema y huevo",190,362,2026-09-09T12:00:00+00:00,95
22e4448a-ef5b-4a39-9d99-57f6bd00064b,2026-09-14,💧 Agua,500,0,2026-09-15T01:18:11.802+00:00,
297b7847-e782-43bf-a5de-477663e891c2,2026-09-09,Kiwi,150,90,2026-09-09T16:39:00+00:00,75
3c74dc2c-a96d-4443-9b53-c018410e3437,2026-09-10,Banana,120,108,2026-09-10T15:36:00+00:00,120
30dfbbe6-e71e-4c40-a8a1-beb82609e41d,2026-09-10,Mix de frutos secos,30,180,2026-09-10T15:37:00+00:00,30
362998d3-1117-45d5-a155-75b05637650f,2026-09-10,Carré de cerdo ahumado con puré crema de zanahorias,100,500,2026-09-10T16:09:00+00:00,100
af033bfd-468d-4cc9-a672-7c9188cb7c71,2026-09-14,💧 Agua,500,0,2026-09-15T01:18:12.541+00:00,
a9bf094f-e4b7-4c27-b0a7-39472ffa56be,2026-09-10,Atún al natural,120,132,2026-09-10T16:10:00+00:00,120
90d4f816-7762-4a9e-aa6d-efe69747a294,2026-09-10,Yogurt Tregar Durazno c/frutas x160 (Tregar),100,159,2026-09-10T18:56:00+00:00,100
42353d3d-35e0-4841-90a0-29e5cbbb9221,2026-09-10,Mix de frutos secos,30,180,2026-09-10T18:56:00+00:00,30
26a871dd-faf4-410f-818e-fcf69283ac61,2026-09-10,Sándwich de miga (jamón y queso),110,286,2026-09-10T19:57:00+00:00,55
76697d7c-e3f6-4c7c-8842-a26cfbb910ad,2026-09-14,💧 Agua,500,0,2026-09-15T01:18:13.008+00:00,
33aa16c3-c4d7-43d8-9147-b768e48fedec,2026-09-14,💧 Agua,500,0,2026-09-15T01:18:13.613+00:00,
54c9ba15-aabb-4f7a-86d4-370c663698c1,2026-09-14,💧 Agua,500,0,2026-09-15T01:18:15.265+00:00,
cadc19ee-258f-41a2-9f64-1049703e7369,2026-09-14,💧 Agua,500,0,2026-09-15T01:18:15.459+00:00,
e4e3a859-254e-4797-88d8-412fdda131cc,2026-09-14,Tostada con miel y banana,220,418,2026-09-14T11:00:00+00:00,110
8e1ddb5c-212b-4d23-b7ce-efa9643b0963,2026-09-14,Tostada con miel y banana,220,418,2026-09-15T01:20:00+00:00,110
bab5639d-a317-4f71-8505-e1864e31eb56,2026-09-14,Papa al horno,200,220,2026-09-15T01:20:00+00:00,200
fda2ed39-e07d-444a-b6fb-81ee985b9a80,2026-09-14,Bondiola de cerdo,180,468,2026-09-15T01:20:00+00:00,180
7bfecb35-9cbf-4be9-b012-a879e54504b1,2026-09-14,Bife de carne,150,330,2026-09-15T01:21:00+00:00,150
49971f23-e6f5-4f5f-a039-0637e72ce6ba,2026-09-14,Arroz blanco cocido,200,260,2026-09-15T01:21:00+00:00,200
aca9d559-1edd-4d04-a5e8-e1042a41d709,2026-09-15,Yogur parfait grande (con granola y frutas),320,384,2026-09-15T12:29:00+00:00,320
b423ebb3-af37-4082-bc62-c9b88ca0bcf7,2026-09-15,Manzana,150,78,2026-09-15T14:38:00+00:00,150
8592fb50-729f-4f67-be7b-148a236aa885,2026-09-15,Carré de cerdo ahumado con zanahorias asadas en pimentón dulce,100,500,2026-09-15T16:43:00+00:00,100
536b099b-3550-40d8-ab89-158edfe764de,2026-09-15,Barrita de cereal,46,201,2026-09-15T18:48:00+00:00,23
b902848a-f844-447e-87ec-ad8f318701f9,2026-09-16,💧 Agua,500,0,2026-09-16T15:27:28.963+00:00,
c0c34660-0801-41f3-942a-ed3e6c556a85,2026-09-16,💧 Agua,500,0,2026-09-16T15:27:29.858+00:00,
f68fe0f5-57e2-4835-bbe8-7a4b8ecb5029,2026-09-16,Café solo,100,2,2026-09-16T15:27:00+00:00,100
d8fbedf1-df27-4d1c-9e03-1b28d237bf00,2026-09-16,Tostada con manteca y mermelada,40,120,2026-09-16T12:30:00+00:00,40
612d4e27-eae9-47f9-b8f1-837c4cddaf9b,2026-09-16,Tostada con queso crema y huevo,150,200,2026-09-16T12:30:00+00:00,150
4ab9ab0a-3e61-4072-a993-859a93366ca8,2026-09-16,Barrita Müecas pasas y arándanos (negra),45,148,2026-09-16T18:00:00+00:00,45
d41be630-a9db-4141-b47a-743d20f588bf,2026-09-16,"Yogur Tregar con frutas (entero, arándano)",150,159,2026-09-16T20:44:00+00:00,150
cdac5cc2-eea0-4718-8361-5c1f6afc61ba,2026-09-16,Mix de frutos secos,30,180,2026-09-16T20:44:00+00:00,30
01862aa3-186d-4133-8957-777bf507d923,2026-09-16,Banana,120,108,2026-09-16T20:44:00+00:00,120
540f3b9c-7355-464a-8b20-ceae2f72c294,2026-09-16,Bife magro de cerdo con puré de zanahoria,100,500,2026-09-16T16:20:00+00:00,100
badb9b00-8d73-4efe-8cd6-0951562124f5,2026-09-16,💧 Agua,500,0,2026-09-16T20:46:59.703+00:00,
22e604d7-2a36-49dd-b07e-b59f2d8d7df1,2026-09-16,💧 Agua,500,0,2026-09-16T20:46:59.94+00:00,
18292dc6-ab2c-4b19-9663-0da1f5d8ecc1,2026-09-17,Tostada con queso crema y huevo,150,420,2026-09-17T12:00:00+00:00,150
bde1bae2-97a9-4026-836a-ca5a04e8ed44,2026-09-17,"Carne asada en cocción lenta con panaché de choclo, papa y remolacha",100,500,2026-09-17T16:00:00+00:00,100
f934688a-9bf9-40d3-91b0-f89bb77fb961,2026-09-17,Manzana,150,78,2026-09-17T19:59:00+00:00,150
ddd3273a-649f-464b-88c8-6d7db23159c1,2026-09-17,bocadito de higo con nuez,150,150,2026-09-17T19:59:00+00:00,150
3f2e9a87-40fc-4abb-a266-eb00c85145a5,2026-09-17,"Barrita Müecas cacao, avellanas y coco (rosa)",45,212,2026-09-17T19:59:00+00:00,45
fc4947b4-64ce-4014-8587-7bf65b4f47e1,2026-09-17,"Yogur Tregar con frutas (entero, arándano)",150,159,2026-09-17T20:13:00+00:00,150
51afb1b8-8bb0-4295-88c1-bde6f0de729c,2026-09-17,Mix de frutos secos,30,180,2026-09-17T20:13:00+00:00,30
5e4ee7b1-147f-49b7-8848-7fb522c8592d,2026-09-17,Carne asada en cocción lenta con puré de papas al verdeo,100,500,2026-09-17T22:35:00+00:00,100
860b89f1-1187-4c68-85fd-f6db4dc74451,2026-09-21,bocadito de higo con nuez,150,150,2026-09-21T14:41:00+00:00,150
ec7c32ea-b588-46b9-8245-ce94044f3fc8,2026-09-21,Yogur parfait grande (con granola y frutas),320,384,2026-09-21T14:41:00+00:00,320
035b06c4-9edf-4cb4-b24b-abfdee1f50d3,2026-09-21,"Green salad con brócoli, papas, queso, zanahoria, hojas verdes, tomates cherry, pollo y semillas de lino",100,500,2026-09-21T16:57:00+00:00,100
549d5ec5-fb93-4483-8a79-8e7877c6820e,2026-09-21,Té,200,4,2026-09-21T17:24:00+00:00,200
af54af31-b239-49f7-97ea-33ad80969605,2026-09-21,Barrita de cereal,23,148,2026-09-21T18:51:00+00:00,23
59ec3b1f-0746-4bf5-a8f7-6bfa0e86e9f8,2026-09-21,Banana,120,108,2026-09-21T20:35:00+00:00,120
cd5b14b4-5c3f-43d4-9b70-f9e4fd108a3d,2026-09-22,Carne asada en cocción lenta con risotto de champignones,100,500,2026-09-22T15:53:00+00:00,100
9897840a-1000-4547-9c60-d0207f78d150,2026-09-22,Tostada con miel y banana,220,380,2026-09-22T10:20:00+00:00,110
413f7d4f-43a9-4062-bbb2-76fb2f931c06,2026-09-22,Manzana,150,78,2026-09-22T16:01:00+00:00,150
5335d9e1-b92c-4fb3-9a4d-f34859fa7313,2026-09-22,Yogur parfait grande (con granola y frutas),320,384,2026-09-22T20:10:00+00:00,320
957c7421-ba8c-41fd-9956-b4d3da1415e2,2026-09-22,Banana,120,108,2026-09-22T20:40:00+00:00,120
46303213-a598-4775-ac62-d999f33d2ab4,2026-09-23,Tostada con miel y banana,110,209,2026-09-23T16:26:00+00:00,110
792279c1-b647-4485-80d9-2bff214a0fa7,2026-09-23,Yogur parfait grande (con granola y frutas),320,384,2026-09-23T16:27:00+00:00,320
c79a8259-8442-4d6c-8123-614cd926faf0,2026-09-23,Bife magro de cerdo con puré de zanahoria,100,500,2026-09-23T16:28:00+00:00,100
13cfb864-f70a-4653-808e-632710f3fd66,2026-09-23,Manzana,150,78,2026-09-23T18:24:00+00:00,150
0cfa4d3c-3470-4343-ad61-fee85d67b5e6,2026-09-23,"Yogur Tregar con frutas (entero, arándano)",150,159,2026-09-23T19:45:00+00:00,150
7c5b46a0-b555-458a-9520-f30be42975c8,2026-09-23,Mix de frutos secos,30,180,2026-09-23T19:45:00+00:00,30
4b704743-80d6-4c6f-a801-6f068c3af17f,2026-09-23,Kiwi,75,45,2026-09-23T19:45:00+00:00,75
bacb76c8-c6e1-4e37-bbf5-7a9d7dfd9dfb,2026-09-24,Factura (promedio),55,209,2026-09-24T14:42:00+00:00,55
d66ea65b-c498-485a-a23d-38c2be8c9512,2026-09-24,Banana,120,108,2026-09-24T14:42:00+00:00,120
fe96dc40-adea-41a2-8da0-b4bd98c7bf0f,2026-09-24,💧 Agua,500,0,2026-09-24T14:47:34.32+00:00,
67f35310-5ba2-47d3-9bf8-fa4a233df8ff,2026-09-24,💧 Agua,500,0,2026-09-24T14:47:34.145+00:00,
1c59d1e1-13a4-4266-9055-a5314ba6ff57,2026-09-24,Pollo con puré emulsión de zanahorias,100,500,2026-09-24T17:57:00+00:00,100
